t,grass_pop,prey_pop
0,20,100
1,20,100
2,20,100
3,20,100
4,20,100
5,20,100
6,19,100
7,18,100
8,18,100
9,19,100
10,20,100
11,21,100
12,29,100
13,29,100
14,29,100
15,29,100
16,29,100
17,29,100
18,29,100
19,31,100
20,31,100
21,34,100
22,35,100
23,38,100
24,39,100
25,41,100
26,41,100
27,42,100
28,41,100
29,41,100
30,41,100
31,43,100
32,44,100
33,44,100
34,45,100
35,45,100
36,47,100
37,49,100
38,50,100
39,48,100
40,49,100
41,51,100
42,51,100
43,52,100
44,54,100
45,55,100
46,56,100
47,55,100
48,55,100
49,57,100
50,57,100
51,59,100
52,58,100
53,57,100
54,57,100
55,58,100
56,60,100
57,61,100
58,62,100
59,64,100
60,64,100
61,65,100
62,66,100
63,68,100
64,70,100
65,70,100
66,72,100
67,73,100
68,76,100
69,76,100
70,76,100
71,79,100
72,81,100
73,80,100
74,80,100
75,81,100
76,82,100
77,85,100
78,84,100
79,89,100
80,89,100
81,89,100
82,90,100
83,93,100
84,91,100
85,93,100
86,93,100
87,95,100
88,96,100
89,97,100
90,98,100
91,100,100
92,102,100
93,105,100
94,110,100
95,112,100
96,113,100
97,114,100
98,114,100
99,117,100
100,119,100
101,121,100
102,123,100
103,125,100
104,126,100
105,129,100
106,130,100
107,130,100
108,130,100
109,133,100
110,136,100
111,140,100
112,142,100
113,142,100
114,143,100
115,144,100
116,146,100
117,148,100
118,149,100
119,150,100
120,152,100
121,153,100
122,154,100
123,157,100
124,158,100
125,158,100
126,160,100
127,160,100
128,161,100
129,162,100
130,164,100
131,167,100
132,167,100
133,168,100
134,169,100
135,171,100
136,172,100
137,173,100
138,173,100
139,174,100
140,176,100
141,177,100
142,178,100
143,183,100
144,188,100
145,190,100
146,189,100
147,189,100
148,190,100
149,191,100
150,193,100
151,194,100
152,195,100
153,197,100
154,200,100
155,200,100
156,200,100
157,202,100
158,200,100
159,201,100
160,203,100
161,206,100
162,206,101
163,208,101
164,207,101
165,209,101
166,212,101
167,212,101
168,209,101
169,210,101
170,211,101
171,215,101
172,217,102
173,218,102
174,220,102
175,220,102
176,223,102
177,223,102
178,226,102
179,228,102
180,227,103
181,230,103
182,233,103
183,234,103
184,236,103
185,238,103
186,237,103
187,237,104
188,238,104
189,238,104
190,237,104
191,237,104
192,238,104
193,238,104
194,239,104
195,240,104
196,244,104
197,246,104
198,249,104
199,251,104
200,254,104
201,255,104
202,256,104
203,257,104
204,257,104
205,257,105
206,256,106
207,255,106
208,257,106
209,261,106
210,261,106
211,261,106
212,260,106
213,263,106
214,266,106
215,267,107
216,269,107
217,269,107
218,270,107
219,272,107
220,271,107
221,274,107
222,273,107
223,274,107
224,277,107
225,276,107
226,276,107
227,277,107
228,276,107
229,276,107
230,277,107
231,279,107
232,279,107
233,279,107
234,280,107
235,280,107
236,280,107
237,283,107
238,285,107
239,288,107
240,289,107
241,291,107
242,293,107
243,295,107
244,297,107
245,298,107
246,298,107
247,299,107
248,301,107
249,302,107
250,304,107
251,307,107
252,306,107
253,310,107
254,310,107
255,310,107
256,311,107
257,314,107
258,315,107
259,316,107
260,316,107
261,319,107
262,320,107
263,319,107
264,319,107
265,320,107
266,322,107
267,323,107
268,324,108
269,327,108
270,330,108
271,331,108
272,332,108
273,333,108
274,334,108
275,334,108
276,336,108
277,337,108
278,337,108
279,339,108
280,340,108
281,343,108
282,345,108
283,345,108
284,347,108
285,348,108
286,349,108
287,352,108
288,353,108
289,355,108
290,356,108
291,357,108
292,360,108
293,361,108
294,361,108
295,361,108
296,361,108
297,363,108
298,363,108
299,364,108
300,366,108
301,369,108
302,370,108
303,373,108
304,374,109
305,376,109
306,377,109
307,379,109
308,380,109
309,381,109
310,381,109
311,382,109
312,382,109
313,384,109
314,387,109
315,390,109
316,393,109
317,395,109
318,396,109
319,397,109
320,398,109
321,398,109
322,399,109
323,401,109
324,401,109
325,404,109
326,407,109
327,409,109
328,409,109
329,413,109
330,417,109
331,419,109
332,419,109
333,420,109
334,421,109
335,421,109
336,423,109
337,423,109
338,422,109
339,423,109
340,423,109
341,424,109
342,424,109
343,424,109
344,425,109
345,428,109
346,432,109
347,435,110
348,435,110
349,436,110
350,435,110
351,434,110
352,435,110
353,436,110
354,440,110
355,440,110
356,438,110
357,440,110
358,444,111
359,443,111
360,447,111
361,448,111
362,448,111
363,451,111
364,452,111
365,451,111
366,452,111
367,454,111
368,454,111
369,457,111
370,459,111
371,461,111
372,461,111
373,462,111
374,465,111
375,467,111
376,471,111
377,472,111
378,472,111
379,474,111
380,474,111
381,475,111
382,476,111
383,476,111
384,477,111
385,476,111
386,478,111
387,480,111
388,482,112
389,485,112
390,485,112
391,490,113
392,489,113
393,489,113
394,490,113
395,493,113
396,495,113
397,497,113
398,498,114
399,497,113
400,497,113
401,497,113
402,498,113
403,498,114
404,497,114
405,499,114
406,498,113
407,500,111
408,502,112
409,503,112
410,503,112
411,504,112
412,503,111
413,505,111
414,509,111
415,510,112
416,510,112
417,514,111
418,513,111
419,515,110
420,514,111
421,519,110
422,515,110
423,516,110
424,513,110
425,515,110
426,515,111
427,513,111
428,515,111
429,515,112
430,517,112
431,519,112
432,520,112
433,523,112
434,521,112
435,521,112
436,522,112
437,521,111
438,523,111
439,523,110
440,523,110
441,523,111
442,523,111
443,523,111
444,522,111
445,522,111
446,521,111
447,524,110
448,525,110
449,527,110
450,528,110
451,528,109
452,530,109
453,530,109
454,531,109
455,531,109
456,531,109
457,533,109
458,533,109
459,534,109
460,536,109
461,539,109
462,539,109
463,540,109
464,540,109
465,540,108
466,541,107
467,542,107
468,543,107
469,544,104
470,544,103
471,544,103
472,544,101
473,544,98
474,544,98
475,543,98
476,544,98
477,545,97
478,546,97
479,550,97
480,551,97
481,552,97
482,551,98
483,552,98
484,553,98
485,553,98
486,552,98
487,552,98
488,552,98
489,552,98
490,551,97
491,552,97
492,552,96
493,552,96
494,552,97
495,551,97
496,553,97
497,554,96
498,559,96
499,561,96
500,564,96
501,564,96
502,565,96
503,566,96
504,564,96
505,563,96
506,563,96
507,562,96
508,560,96
509,557,96
510,557,95
511,558,95
512,554,94
513,557,95
514,557,95
515,559,95
516,557,96
517,558,96
518,557,98
519,555,98
520,553,97
521,553,97
522,552,96
523,551,97
524,549,98
525,548,98
526,547,98
527,548,98
528,549,98
529,551,98
530,551,98
531,553,98
532,553,98
533,553,98
534,553,98
535,553,97
536,552,97
537,552,97
538,552,97
539,553,97
540,557,97
541,556,97
542,556,98
543,555,98
544,555,98
545,555,98
546,555,98
547,554,98
548,554,99
549,557,99
550,556,98
551,557,98
552,556,98
553,553,98
554,553,99
555,551,99
556,551,99
557,551,99
558,552,99
559,552,99
560,551,100
561,549,100
562,549,100
563,546,101
564,549,101
565,548,101
566,548,101
567,547,100
568,549,101
569,547,101
570,549,101
571,549,101
572,547,101
573,545,101
574,545,101
575,544,101
576,546,101
577,545,101
578,540,103
579,537,104
580,536,104
581,536,104
582,536,104
583,537,104
584,537,104
585,538,105
586,538,105
587,539,105
588,541,105
589,539,105
590,537,106
591,537,106
592,535,106
593,534,105
594,535,105
595,535,105
596,535,105
597,536,105
598,535,106
599,534,107
600,534,107
601,534,107
602,532,107
603,533,107
604,533,108
605,533,108
606,535,108
607,537,109
608,536,110
609,534,112
610,537,112
611,536,112
612,539,112
613,538,112
614,536,114
615,536,114
616,537,114
617,535,114
618,535,115
619,536,115
620,535,115
621,534,115
622,531,116
623,536,117
624,537,117
625,536,118
626,539,119
627,539,118
628,537,119
629,537,119
630,534,119
631,536,119
632,538,118
633,538,119
634,539,119
635,539,120
636,538,120
637,537,121
638,537,122
639,538,123
640,537,123
641,536,123
642,536,123
643,537,123
644,538,123
645,540,123
646,542,123
647,544,123
648,545,124
649,546,123
650,547,123
651,546,123
652,545,123
653,545,123
654,544,125
655,544,125
656,546,125
657,545,125
658,543,125
659,543,126
660,543,126
661,544,127
662,547,128
663,547,129
664,549,131
665,548,131
666,550,131
667,551,131
668,551,131
669,553,131
670,554,131
671,553,132
672,555,132
673,557,132
674,557,133
675,554,133
676,555,133
677,557,133
678,558,132
679,558,132
680,560,132
681,562,132
682,563,132
683,564,132
684,567,132
685,569,133
686,567,133
687,568,134
688,568,134
689,567,134
690,567,134
691,568,134
692,571,134
693,574,134
694,575,134
695,578,133
696,578,133
697,583,133
698,585,133
699,584,133
700,587,133
701,588,134
702,590,134
703,590,135
704,591,135
705,594,136
706,594,136
707,599,136
708,597,136
709,598,136
710,598,137
711,599,137
712,599,136
713,600,136
714,601,136
715,602,138
716,602,138
717,605,140
718,607,141
719,607,141
720,611,141
721,615,141
722,617,141
723,619,141
724,620,141
725,623,141
726,626,141
727,628,141
728,630,141
729,630,141
730,632,141
731,632,141
732,632,141
733,636,141
734,637,141
735,639,141
736,642,141
737,643,141
738,644,141
739,645,141
740,645,141
741,646,141
742,649,141
743,650,141
744,653,141
745,653,141
746,659,141
747,659,141
748,661,141
749,664,141
750,666,141
751,667,141
752,667,141
753,666,141
754,667,141
755,670,141
756,671,141
757,673,140
758,675,140
759,678,141
760,681,141
761,683,141
762,690,142
763,690,142
764,694,142
765,694,143
766,693,143
767,697,143
768,699,143
769,700,143
770,698,143
771,700,143
772,703,143
773,704,143
774,703,143
775,705,143
776,706,144
777,706,144
778,707,144
779,708,144
780,708,145
781,707,144
782,709,144
783,709,145
784,713,145
785,714,145
786,716,145
787,716,145
788,720,146
789,726,146
790,728,148
791,733,149
792,736,149
793,737,149
794,735,149
795,734,149
796,736,151
797,734,152
798,733,152
799,734,152
800,737,152
801,737,152
802,738,152
803,739,152
804,739,152
805,741,152
806,742,152
807,743,152
808,746,152
809,747,153
810,745,153
811,751,153
812,760,154
813,761,154
814,766,154
815,769,154
816,773,154
817,772,153
818,772,154
819,770,154
820,768,155
821,770,156
822,766,157
823,765,157
824,768,157
825,770,159
826,770,159
827,772,159
828,772,159
829,771,159
830,773,158
831,778,158
832,779,158
833,780,158
834,781,158
835,781,158
836,781,158
837,782,158
838,788,158
839,794,158
840,797,158
841,801,159
842,802,159
843,801,159
844,802,158
845,800,158
846,803,158
847,805,158
848,806,158
849,809,158
850,808,157
851,812,156
852,811,155
853,814,155
854,813,155
855,817,156
856,820,156
857,819,156
858,819,155
859,817,155
860,820,156
861,818,156
862,817,156
863,818,156
864,817,156
865,821,156
866,822,156
867,821,156
868,826,156
869,831,157
870,831,157
871,827,157
872,826,157
873,824,157
874,827,157
875,829,157
876,829,160
877,832,160
878,836,160
879,835,161
880,834,161
881,833,162
882,830,163
883,831,163
884,830,162
885,829,162
886,831,162
887,835,162
888,836,162
889,836,162
890,838,162
891,840,163
892,843,163
893,844,163
894,844,163
895,848,163
896,850,162
897,853,162
898,851,162
899,852,162
900,855,161
901,854,161
902,854,161
903,854,161
904,855,161
905,855,161
906,855,160
907,855,160
908,856,161
909,856,162
910,857,163
911,860,163
912,861,163
913,859,164
914,858,162
915,859,162
916,860,162
917,860,161
918,863,161
919,867,161
920,868,161
921,869,161
922,868,161
923,871,162
924,871,162
925,875,163
926,876,163
927,876,165
928,874,165
929,874,165
930,875,165
931,874,164
932,872,164
933,871,164
934,873,164
935,873,164
936,875,164
937,874,163
938,875,163
939,873,163
940,874,163
941,874,163
942,872,164
943,871,165
944,869,167
945,863,167
946,861,168
947,860,168
948,859,169
949,854,169
950,855,169
951,853,170
952,850,171
953,848,172
954,846,172
955,841,174
956,840,174
957,838,174
958,840,174
959,834,175
960,835,175
961,835,176
962,830,176
963,829,177
964,832,177
965,832,177
966,831,177
967,838,178
968,834,178
969,833,178
970,833,177
971,833,177
972,835,177
973,833,177
974,836,177
975,834,176
976,833,177
977,831,177
978,832,178
979,833,177
980,836,177
981,837,177
982,834,177
983,837,177
984,835,177
985,834,179
986,835,179
987,833,179
988,832,179
989,833,178
990,833,179
991,836,179
992,837,178
993,840,179
994,839,180
995,841,180
996,841,181
997,842,182
998,842,181
999,843,181
1000,844,181
1001,845,181
1002,844,181
1003,843,182
1004,842,181
1005,842,182
1006,840,183
1007,842,184
1008,842,185
1009,842,186
1010,842,185
1011,843,186
1012,842,186
1013,844,186
1014,844,186
1015,847,186
1016,848,185
1017,847,186
1018,846,186
1019,847,187
1020,848,187
1021,853,187
1022,854,187
1023,856,187
1024,857,187
1025,854,187
1026,856,187
1027,857,187
1028,857,187
1029,855,188
1030,855,188
1031,853,188
1032,850,188
1033,853,188
1034,852,188
1035,850,188
1036,851,188
1037,850,189
1038,853,189
1039,854,189
1040,853,189
1041,854,189
1042,854,189
1043,854,189
1044,855,189
1045,856,188
1046,852,189
1047,853,189
1048,851,189
1049,854,187
1050,860,187
1051,858,188
1052,858,188
1053,861,189
1054,861,190
1055,863,190
1056,861,190
1057,858,190
1058,859,190
1059,857,191
1060,857,191
1061,857,191
1062,858,191
1063,859,191
1064,858,191
1065,860,191
1066,861,191
1067,860,191
1068,860,191
1069,862,191
1070,863,190
1071,865,190
1072,867,190
1073,868,191
1074,871,191
1075,872,190
1076,874,189
1077,878,189
1078,878,189
1079,877,189
1080,878,188
1081,879,189
1082,882,190
1083,879,190
1084,879,190
1085,876,191
1086,876,191
1087,877,191
1088,878,190
1089,878,190
1090,880,190
1091,883,190
1092,883,189
1093,882,188
1094,882,188
1095,881,188
1096,882,188
1097,884,188
1098,886,188
1099,884,188
1100,886,189
1101,886,190
1102,886,191
1103,885,192
1104,883,193
1105,883,193
1106,882,192
1107,881,193
1108,879,193
1109,881,193
1110,876,198
1111,876,198
1112,873,198
1113,874,199
1114,873,200
1115,874,201
1116,873,200
1117,871,200
1118,869,200
1119,870,200
1120,869,199
1121,870,199
1122,869,200
1123,869,202
1124,867,202
1125,866,203
1126,864,204
1127,870,204
1128,866,204
1129,868,205
1130,870,206
1131,868,206
1132,867,206
1133,869,205
1134,867,206
1135,868,207
1136,864,207
1137,864,208
1138,860,210
1139,863,211
1140,857,213
1141,855,213
1142,856,213
1143,854,215
1144,850,216
1145,850,217
1146,852,217
1147,851,217
1148,848,218
1149,847,218
1150,845,219
1151,844,220
1152,841,220
1153,841,221
1154,841,222
1155,842,222
1156,843,223
1157,844,222
1158,841,222
1159,844,221
1160,841,222
1161,841,222
1162,841,222
1163,838,224
1164,836,225
1165,835,228
1166,839,228
1167,840,227
1168,837,226
1169,836,227
1170,837,227
1171,838,227
1172,840,227
1173,838,228
1174,838,228
1175,840,229
1176,842,229
1177,850,230
1178,852,230
1179,856,232
1180,856,232
1181,855,232
1182,856,232
1183,858,232
1184,860,232
1185,855,232
1186,858,232
1187,856,232
1188,855,231
1189,859,231
1190,858,232
1191,860,233
1192,865,234
1193,864,234
1194,867,234
1195,870,235
1196,868,235
1197,869,234
1198,868,234
1199,868,234
1200,865,234
1201,867,234
1202,866,238
1203,862,237
1204,859,237
1205,856,237
1206,853,235
1207,852,235
1208,852,235
1209,850,235
1210,852,236
1211,856,236
1212,855,236
1213,855,237
1214,856,237
1215,856,237
1216,850,238
1217,846,238
1218,850,238
1219,850,239
1220,847,240
1221,849,240
1222,846,240
1223,847,241
1224,848,241
1225,848,241
1226,853,243
1227,850,247
1228,850,248
1229,849,250
1230,848,249
1231,846,250
1232,843,253
1233,837,253
1234,837,254
1235,832,254
1236,828,257
1237,823,259
1238,817,260
1239,810,263
1240,808,265
1241,804,266
1242,802,268
1243,798,270
1244,797,270
1245,795,271
1246,792,272
1247,788,273
1248,783,277
1249,785,282
1250,784,285
1251,786,287
1252,790,287
1253,790,288
1254,790,288
1255,795,288
1256,799,289
1257,798,290
1258,795,291
1259,795,294
1260,789,293
1261,781,298
1262,784,299
1263,784,299
1264,783,300
1265,784,300
1266,786,300
1267,781,302
1268,780,303
1269,770,302
1270,771,304
1271,767,308
1272,762,311
1273,761,314
1274,757,318
1275,749,319
1276,749,319
1277,744,321
1278,745,323
1279,745,328
1280,740,329
1281,735,330
1282,732,329
1283,723,330
1284,722,332
1285,721,334
1286,717,336
1287,715,339
1288,708,339
1289,712,341
1290,703,343
1291,700,344
1292,699,345
1293,694,349
1294,688,350
1295,688,351
1296,689,351
1297,687,353
1298,685,353
1299,680,354
1300,677,354
1301,677,357
1302,674,357
1303,671,358
1304,670,359
1305,661,360
1306,661,359
1307,656,360
1308,652,360
1309,644,365
1310,645,365
1311,644,365
1312,644,366
1313,644,366
1314,643,368
1315,642,368
1316,644,368
1317,640,368
1318,640,367
1319,639,366
1320,639,366
1321,634,367
1322,633,365
1323,629,365
1324,632,366
1325,632,366
1326,631,366
1327,636,367
1328,632,368
1329,633,368
1330,633,369
1331,633,370
1332,632,370
1333,634,370
1334,635,370
1335,638,370
1336,637,370
1337,636,371
1338,636,371
1339,635,372
1340,633,372
1341,632,370
1342,629,369
1343,633,369
1344,634,369
1345,633,369
1346,630,369
1347,626,370
1348,627,370
1349,623,371
1350,620,371
1351,616,373
1352,619,374
1353,616,374
1354,612,375
1355,613,376
1356,608,376
1357,609,375
1358,605,377
1359,603,377
1360,603,377
1361,599,378
1362,596,376
1363,596,377
1364,592,379
1365,586,380
1366,584,381
1367,582,382
1368,577,382
1369,578,383
1370,582,383
1371,579,383
1372,580,384
1373,574,384
1374,571,385
1375,570,384
1376,567,385
1377,561,386
1378,556,387
1379,552,388
1380,554,388
1381,555,388
1382,557,387
1383,554,387
1384,554,387
1385,556,387
1386,554,389
1387,554,389
1388,556,390
1389,559,390
1390,554,389
1391,549,389
1392,548,389
1393,544,391
1394,537,391
1395,535,393
1396,537,394
1397,534,393
1398,531,394
1399,527,395
1400,525,397
1401,519,398
1402,517,398
1403,516,399
1404,510,400
1405,505,400
1406,500,400
1407,496,400
1408,492,402
1409,490,403
1410,486,403
1411,482,406
1412,479,407
1413,468,407
1414,462,408
1415,454,409
1416,450,409
1417,445,410
1418,439,411
1419,434,412
1420,430,412
1421,427,412
1422,420,413
1423,415,414
1424,413,413
1425,414,414
1426,410,415
1427,411,415
1428,403,416
1429,403,415
1430,394,416
1431,393,416
1432,399,416
1433,395,418
1434,394,418
1435,394,418
1436,396,418
1437,398,417
1438,405,417
1439,402,416
1440,403,420
1441,399,419
1442,397,420
1443,394,420
1444,396,420
1445,387,422
1446,388,422
1447,389,421
1448,386,422
1449,384,422
1450,379,423
1451,379,424
1452,375,424
1453,375,424
1454,374,425
1455,370,424
1456,366,424
1457,365,424
1458,362,424
1459,360,424
1460,359,423
1461,357,423
1462,359,423
1463,357,422
1464,355,422
1465,354,420
1466,352,420
1467,350,419
1468,351,419
1469,352,419
1470,352,418
1471,351,417
1472,356,417
1473,353,418
1474,352,418
1475,348,418
1476,346,419
1477,348,419
1478,347,420
1479,344,419
1480,341,421
1481,338,421
1482,336,420
1483,335,419
1484,335,419
1485,334,419
1486,330,419
1487,331,418
1488,330,418
1489,328,417
1490,324,418
1491,322,418
1492,319,418
1493,317,417
1494,315,417
1495,309,417
1496,309,417
1497,309,417
1498,300,417
1499,299,417
1500,296,417
1501,296,416
1502,293,417
1503,288,417
1504,286,417
1505,284,417
1506,279,418
1507,276,417
1508,272,417
1509,271,417
1510,272,417
1511,270,416
1512,269,417
1513,266,417
1514,269,417
1515,267,416
1516,266,415
1517,267,415
1518,264,414
1519,267,414
1520,265,414
1521,265,414
1522,264,413
1523,263,413
1524,261,413
1525,262,413
1526,261,413
1527,263,413
1528,259,413
1529,257,414
1530,259,414
1531,256,413
1532,258,413
1533,254,413
1534,251,413
1535,245,412
1536,242,412
1537,239,412
1538,236,413
1539,235,412
1540,232,412
1541,226,411
1542,228,411
1543,229,411
1544,227,409
1545,222,411
1546,219,411
1547,220,413
1548,218,411
1549,218,411
1550,216,409
1551,213,408
1552,211,406
1553,208,405
1554,204,404
1555,201,403
1556,198,402
1557,195,402
1558,189,402
1559,185,402
1560,179,402
1561,178,402
1562,176,403
1563,175,403
1564,174,404
1565,173,404
1566,171,404
1567,168,403
1568,167,403
1569,163,403
1570,159,403
1571,159,402
1572,157,401
1573,155,401
1574,151,401
1575,151,401
1576,149,401
1577,148,401
1578,146,401
1579,147,401
1580,140,402
1581,138,401
1582,137,400
1583,137,400
1584,133,400
1585,128,400
1586,124,399
1587,121,399
1588,117,399
1589,116,397
1590,116,397
1591,117,397
1592,115,397
1593,115,396
1594,114,393
1595,114,391
1596,112,390
1597,111,389
1598,110,388
1599,111,388
1600,110,387
1601,111,386
1602,111,386
1603,112,385
1604,110,385
1605,108,386
1606,108,386
1607,108,386
1608,110,386
1609,109,384
1610,107,384
1611,106,383
1612,105,382
1613,104,381
1614,101,381
1615,100,379
1616,97,379
1617,98,379
1618,97,379
1619,97,378
1620,95,378
1621,92,377
1622,94,377
1623,91,377
1624,89,376
1625,91,376
1626,93,376
1627,92,375
1628,93,375
1629,96,375
1630,96,374
1631,93,373
1632,93,373
1633,91,372
1634,90,372
1635,90,372
1636,89,372
1637,90,371
1638,91,371
1639,91,371
1640,90,370
1641,87,368
1642,86,368
1643,84,368
1644,85,368
1645,83,366
1646,80,365
1647,79,365
1648,79,365
1649,79,364
1650,80,363
1651,79,362
1652,79,359
1653,79,358
1654,79,357
1655,76,356
1656,75,356
1657,74,357
1658,75,355
1659,75,353
1660,74,352
1661,71,352
1662,70,352
1663,71,349
1664,71,348
1665,70,347
1666,69,347
1667,69,346
1668,69,346
1669,69,345
1670,70,345
1671,70,344
1672,68,341
1673,68,340
1674,69,340
1675,69,339
1676,69,339
1677,70,338
1678,70,338
1679,71,337
1680,72,335
1681,72,333
1682,72,333
1683,73,333
1684,75,329
1685,76,329
1686,76,328
1687,78,325
1688,78,325
1689,78,324
1690,77,324
1691,77,323
1692,77,322
1693,78,322
1694,76,322
1695,77,322
1696,77,321
1697,76,318
1698,77,316
1699,76,314
1700,76,313
1701,76,312
1702,75,311
1703,75,310
1704,74,309
1705,73,307
1706,73,305
1707,72,305
1708,72,305
1709,71,302
1710,71,302
1711,70,300
1712,69,300
1713,68,299
1714,69,297
1715,67,297
1716,65,297
1717,64,295
1718,64,295
1719,63,295
1720,63,293
1721,61,292
1722,58,291
1723,59,289
1724,59,290
1725,58,290
1726,60,290
1727,59,290
1728,60,288
1729,60,288
1730,60,288
1731,60,286
1732,61,284
1733,60,283
1734,61,282
1735,61,282
1736,59,281
1737,60,280
1738,58,279
1739,58,279
1740,59,279
1741,61,279
1742,60,279
1743,60,278
1744,59,278
1745,58,276
1746,58,275
1747,58,275
1748,58,273
1749,58,272
1750,58,271
1751,58,271
1752,58,270
1753,59,269
1754,59,266
1755,60,265
1756,60,264
1757,57,263
1758,57,261
1759,58,260
1760,58,260
1761,56,260
1762,56,258
1763,55,257
1764,54,255
1765,53,255
1766,53,253
1767,54,252
1768,53,252
1769,52,249
1770,53,247
1771,53,246
1772,53,245
1773,53,244
1774,52,243
1775,51,243
1776,50,242
1777,50,241
1778,50,240
1779,50,240
1780,49,239
1781,48,237
1782,49,237
1783,49,236
1784,48,235
1785,46,234
1786,45,233
1787,43,233
1788,42,233
1789,41,232
1790,42,231
1791,42,230
1792,43,230
1793,43,229
1794,43,228
1795,43,226
1796,43,226
1797,42,223
1798,42,222
1799,41,222
1800,41,220
1801,41,220
1802,41,216
1803,41,214
1804,43,213
1805,44,212
1806,44,211
1807,44,211
1808,43,211
1809,43,211
1810,42,209
1811,42,208
1812,42,207
1813,43,205
1814,44,201
1815,44,201
1816,43,200
1817,42,199
1818,40,197
1819,39,196
1820,40,192
1821,39,192
1822,39,191
1823,39,190
1824,39,189
1825,37,187
1826,37,187
1827,37,187
1828,37,187
1829,37,187
1830,38,187
1831,38,186
1832,37,184
1833,37,181
1834,37,179
1835,37,179
1836,37,178
1837,37,177
1838,36,176
1839,35,176
1840,34,173
1841,34,171
1842,33,167
1843,34,167
1844,34,167
1845,34,167
1846,34,166
1847,34,166
1848,34,166
1849,34,164
1850,34,162
1851,34,159
1852,34,158
1853,35,154
1854,35,154
1855,35,152
1856,34,152
1857,34,152
1858,34,151
1859,34,151
1860,34,149
1861,33,148
1862,33,147
1863,34,146
1864,33,145
1865,33,144
1866,32,144
1867,32,144
1868,32,144
1869,33,142
1870,33,141
1871,33,140
1872,33,138
1873,32,137
1874,32,137
1875,32,137
1876,31,137
1877,31,135
1878,31,134
1879,31,133
1880,31,131
1881,31,128
1882,31,127
1883,31,126
1884,32,123
1885,33,123
1886,33,122
1887,33,122
1888,33,122
1889,33,120
1890,33,119
1891,34,119
1892,35,118
1893,34,116
1894,34,114
1895,35,114
1896,35,114
1897,35,112
1898,35,112
1899,35,112
1900,35,111
1901,35,109
1902,35,108
1903,35,106
1904,35,105
1905,35,103
1906,35,101
1907,36,101
1908,36,101
1909,36,99
1910,36,97
1911,36,95
1912,35,95
1913,35,95
1914,36,93
1915,38,92
1916,39,91
1917,39,90
1918,39,90
1919,39,90
1920,39,89
1921,39,89
1922,39,88
1923,39,86
1924,39,86
1925,39,85
1926,39,83
1927,38,81
1928,38,80
1929,38,80
1930,39,78
1931,40,78
1932,40,78
1933,40,75
1934,41,74
1935,42,74
1936,42,73
1937,42,72
1938,42,72
1939,42,72
1940,42,71
1941,42,70
1942,42,70
1943,42,69
1944,42,69
1945,42,68
1946,42,67
1947,42,67
1948,42,67
1949,42,67
1950,42,65
1951,42,65
1952,42,65
1953,42,65
1954,42,65
1955,41,65
1956,41,65
1957,40,64
1958,42,64
1959,44,63
1960,44,63
1961,44,62
1962,44,61
1963,45,60
1964,44,60
1965,43,58
1966,41,55
1967,41,54
1968,41,54
1969,40,53
1970,40,53
1971,39,52
1972,39,52
1973,38,52
1974,38,50
1975,38,50
1976,38,49
1977,38,49
1978,38,49
1979,38,48
1980,38,47
1981,38,46
1982,38,46
1983,39,45
1984,39,44
1985,40,44
1986,41,44
1987,41,43
1988,41,43
1989,41,43
1990,41,42
1991,41,41
1992,41,41
1993,42,41
1994,42,41
1995,42,40
1996,42,40
1997,42,39
1998,41,38
1999,41,37
2000,41,35
2001,42,35
2002,42,33
2003,42,33
2004,44,31
2005,44,31
2006,44,31
2007,45,30
2008,45,29
2009,45,28
2010,46,27
2011,46,26
2012,46,25
2013,46,24
2014,46,22
2015,46,22
2016,46,22
2017,46,22
2018,46,22
2019,46,21
2020,46,21
2021,46,19
2022,46,19
2023,46,19
2024,46,18
2025,46,18
2026,46,18
2027,46,18
2028,46,18
2029,46,18
2030,46,18
2031,46,18
2032,46,18
2033,46,18
2034,46,18
2035,46,18
2036,47,17
2037,48,17
2038,49,17
2039,49,16
2040,49,16
2041,49,16
2042,49,16
2043,49,16
2044,49,16
2045,49,16
2046,49,15
2047,50,15
2048,50,15
2049,50,15
2050,49,15
2051,49,15
2052,49,15
2053,49,15
2054,49,15
2055,49,15
2056,49,14
2057,49,14
2058,49,14
2059,49,14
2060,49,14
2061,49,13
2062,49,13
2063,49,12
2064,49,12
2065,49,11
2066,49,10
2067,49,10
2068,49,10
2069,49,10
2070,49,10
2071,49,9
2072,49,9
2073,49,9
2074,49,9
2075,50,9
2076,51,9
2077,52,9
2078,52,9
2079,52,9
2080,52,9
2081,52,9
2082,52,9
2083,52,9
2084,52,9
2085,53,9
2086,53,8
2087,53,8
2088,54,8
2089,55,8
2090,55,8
2091,55,8
2092,55,8
2093,55,8
2094,55,8
2095,55,8
2096,55,8
2097,55,8
2098,55,8
2099,55,8
2100,56,8
2101,56,7
2102,56,7
2103,56,7
2104,56,7
2105,56,7
2106,56,7
2107,56,7
2108,56,7
2109,56,7
2110,56,7
2111,56,7
2112,56,7
2113,56,7
2114,56,7
2115,56,7
2116,56,6
2117,57,6
2118,57,6
2119,57,6
2120,57,6
2121,57,5
2122,57,5
2123,58,5
2124,58,5
2125,59,5
2126,59,5
2127,59,5
2128,59,5
2129,59,5
2130,59,5
2131,59,5
2132,59,5
2133,59,5
2134,59,5
2135,59,5
2136,59,4
2137,59,4
2138,59,4
2139,59,4
2140,59,4
2141,59,4
2142,59,4
2143,59,4
2144,59,4
2145,59,4
2146,59,4
2147,59,4
2148,59,4
2149,59,4
2150,59,4
2151,59,4
2152,59,4
2153,59,4
2154,59,4
2155,59,4
2156,59,4
2157,59,4
2158,59,4
2159,59,4
2160,59,4
2161,60,4
2162,60,4
2163,60,4
2164,60,4
2165,60,4
2166,61,4
2167,61,4
2168,62,4
2169,64,4
2170,64,4
2171,64,4
2172,64,4
2173,64,4
2174,65,4
2175,65,4
2176,65,3
2177,65,3
2178,65,3
2179,65,3
2180,65,3
2181,65,3
2182,65,3
2183,65,3
2184,65,2
2185,65,2
2186,65,2
2187,65,2
2188,65,2
2189,65,2
2190,65,2
2191,66,2
2192,66,2
2193,66,2
2194,66,2
2195,66,2
2196,66,2
2197,66,2
2198,66,2
2199,66,2
2200,66,2
2201,66,2
2202,66,2
2203,67,2
2204,67,2
2205,67,2
2206,67,2
2207,67,2
2208,67,2
2209,67,2
2210,67,2
2211,67,2
2212,67,2
2213,67,2
2214,67,2
2215,67,2
2216,67,2
2217,67,2
2218,68,2
2219,68,2
2220,68,2
2221,68,2
2222,68,2
2223,68,2
2224,68,2
2225,68,2
2226,68,2
2227,68,2
2228,68,2
2229,68,2
2230,68,2
2231,68,2
2232,68,2
2233,68,2
2234,68,2
2235,68,2
2236,68,2
2237,68,2
2238,68,2
2239,68,2
2240,68,2
2241,68,2
2242,68,2
2243,68,2
2244,68,2
2245,68,2
2246,68,2
2247,68,2
2248,68,2
2249,68,2
2250,68,2
2251,68,2
2252,68,2
2253,68,2
2254,69,2
2255,69,2
2256,69,2
2257,70,2
2258,70,2
2259,71,2
2260,72,1
2261,72,1
2262,72,1
2263,72,1
2264,72,1
2265,72,1
2266,72,1
2267,72,1
2268,72,1
2269,73,1
2270,74,1
2271,75,1
2272,75,1
2273,75,1
2274,75,1
2275,75,1
2276,75,1
2277,75,1
2278,75,1
2279,75,1
2280,75,1
2281,75,1
2282,75,1
2283,75,1
2284,75,1
2285,75,1
2286,75,1
2287,75,1
2288,75,1
2289,76,1
2290,76,1
2291,76,1
2292,76,1
2293,76,1
2294,76,1
2295,76,1
2296,76,1
2297,76,1
2298,76,1
2299,76,1
2300,77,1
2301,77,1
2302,77,1
2303,77,1
2304,77,1
2305,77,1
2306,77,1
2307,77,1
2308,78,1
2309,78,1
2310,78,1
2311,78,1
2312,78,1
2313,78,1
2314,78,1
2315,78,1
2316,78,1
2317,78,1
2318,78,1
2319,78,1
2320,78,1
2321,78,1
2322,78,1
2323,78,1
2324,78,1
2325,78,0
2326,78,0
2327,78,0
2328,78,0
2329,78,0
2330,78,0
2331,78,0
2332,78,0
2333,78,0
2334,78,0
2335,78,0
2336,78,0
2337,78,0
2338,78,0
2339,78,0
2340,78,0
2341,78,0
2342,78,0
2343,78,0
2344,78,0
2345,78,0
2346,78,0
2347,78,0
2348,78,0
2349,78,0
2350,78,0
2351,78,0
2352,78,0
2353,78,0
2354,78,0
2355,79,0
2356,80,0
2357,80,0
2358,80,0
2359,80,0
2360,80,0
2361,80,0
2362,80,0
2363,80,0
2364,80,0
2365,80,0
2366,80,0
2367,80,0
2368,80,0
2369,80,0
2370,81,0
2371,81,0
2372,81,0
2373,81,0
2374,81,0
2375,82,0
2376,82,0
2377,83,0
2378,84,0
2379,84,0
2380,84,0
2381,84,0
2382,84,0
2383,84,0
2384,84,0
2385,85,0
2386,85,0
2387,85,0
2388,85,0
2389,85,0
2390,85,0
2391,85,0
2392,85,0
2393,85,0
2394,85,0
2395,85,0
2396,85,0
2397,85,0
2398,85,0
2399,85,0
2400,85,0
2401,85,0
2402,85,0
2403,85,0
2404,85,0
2405,85,0
2406,85,0
2407,85,0
2408,85,0
2409,85,0
2410,85,0
2411,85,0
2412,85,0
2413,85,0
2414,85,0
2415,86,0
2416,86,0
2417,86,0
2418,86,0
2419,86,0
2420,86,0
2421,86,0
2422,86,0
2423,86,0
2424,86,0
2425,86,0
2426,86,0
2427,86,0
2428,86,0
2429,86,0
2430,86,0
2431,86,0
2432,86,0
2433,86,0
2434,86,0
2435,86,0
2436,86,0
2437,86,0
2438,86,0
2439,86,0
2440,86,0
2441,86,0
2442,86,0
2443,86,0
2444,86,0
2445,86,0
2446,86,0
2447,86,0
2448,86,0
2449,86,0
2450,86,0
2451,86,0
2452,86,0
2453,86,0
2454,86,0
2455,86,0
2456,86,0
2457,86,0
2458,86,0
2459,86,0
2460,86,0
2461,86,0
2462,86,0
2463,86,0
2464,86,0
2465,86,0
2466,86,0
2467,86,0
2468,86,0
2469,86,0
2470,87,0
2471,87,0
2472,87,0
2473,87,0
2474,88,0
2475,88,0
2476,88,0
2477,88,0
2478,88,0
2479,88,0
2480,88,0
2481,88,0
2482,88,0
2483,88,0
2484,88,0
2485,88,0
2486,88,0
2487,88,0
2488,88,0
2489,88,0
2490,89,0
2491,89,0
2492,89,0
2493,89,0
2494,89,0
2495,90,0
2496,91,0
2497,91,0
2498,91,0
2499,91,0
2500,91,0
2501,91,0
2502,91,0
2503,91,0
2504,91,0
2505,91,0
2506,91,0
2507,91,0
2508,91,0
2509,91,0
2510,91,0
2511,91,0
2512,91,0
2513,91,0
2514,91,0
2515,91,0
2516,91,0
2517,91,0
2518,91,0
2519,91,0
2520,91,0
2521,91,0
2522,91,0
2523,91,0
2524,91,0
2525,91,0
2526,91,0
2527,91,0
2528,91,0
2529,91,0
2530,91,0
2531,91,0
2532,92,0
2533,92,0
2534,92,0
2535,92,0
2536,92,0
2537,92,0
2538,92,0
2539,92,0
2540,92,0
2541,92,0
2542,92,0
2543,92,0
2544,92,0
2545,92,0
2546,92,0
2547,92,0
2548,92,0
2549,92,0
2550,92,0
2551,92,0
2552,92,0
2553,92,0
2554,92,0
2555,92,0
2556,92,0
2557,92,0
2558,92,0
2559,92,0
2560,92,0
2561,92,0
2562,92,0
2563,92,0
2564,92,0
2565,92,0
2566,92,0
2567,92,0
2568,92,0
2569,92,0
2570,92,0
2571,92,0
2572,92,0
2573,92,0
2574,92,0
2575,92,0
2576,92,0
2577,92,0
2578,92,0
2579,92,0
2580,92,0
2581,92,0
2582,92,0
2583,92,0
2584,92,0
2585,92,0
2586,92,0
2587,92,0
2588,92,0
2589,92,0
2590,92,0
2591,92,0
2592,92,0
2593,92,0
2594,92,0
2595,92,0
2596,92,0
2597,92,0
2598,92,0
2599,92,0
2600,92,0
2601,92,0
2602,92,0
2603,93,0
2604,93,0
2605,93,0
2606,94,0
2607,94,0
2608,94,0
2609,94,0
2610,94,0
2611,94,0
2612,94,0
2613,94,0
2614,94,0
2615,94,0
2616,94,0
2617,94,0
2618,94,0
2619,94,0
2620,94,0
2621,94,0
2622,94,0
2623,94,0
2624,94,0
2625,94,0
2626,94,0
2627,94,0
2628,94,0
2629,94,0
2630,95,0
2631,96,0
2632,96,0
2633,96,0
2634,96,0
2635,96,0
2636,96,0
2637,96,0
2638,96,0
2639,96,0
2640,96,0
2641,96,0
2642,96,0
2643,96,0
2644,96,0
2645,96,0
2646,96,0
2647,96,0
2648,96,0
2649,96,0
2650,96,0
2651,96,0
2652,96,0
2653,96,0
2654,96,0
2655,96,0
2656,96,0
2657,96,0
2658,96,0
2659,96,0
2660,96,0
2661,96,0
2662,96,0
2663,96,0
2664,96,0
2665,96,0
2666,96,0
2667,96,0
2668,96,0
2669,96,0
2670,96,0
2671,96,0
2672,96,0
2673,96,0
2674,96,0
2675,96,0
2676,96,0
2677,96,0
2678,96,0
2679,96,0
2680,96,0
2681,96,0
2682,96,0
2683,96,0
2684,96,0
2685,96,0
2686,96,0
2687,96,0
2688,96,0
2689,96,0
2690,96,0
2691,96,0
2692,96,0
2693,96,0
2694,96,0
2695,96,0
2696,96,0
2697,96,0
2698,96,0
2699,96,0
2700,96,0
2701,96,0
2702,96,0
2703,96,0
2704,96,0
2705,96,0
2706,96,0
2707,96,0
2708,96,0
2709,96,0
2710,96,0
2711,96,0
2712,96,0
2713,96,0
2714,96,0
2715,96,0
2716,96,0
2717,96,0
2718,96,0
2719,96,0
2720,96,0
2721,96,0
2722,96,0
2723,96,0
2724,96,0
2725,96,0
2726,96,0
2727,96,0
2728,96,0
2729,96,0
2730,96,0
2731,96,0
2732,96,0
2733,96,0
2734,96,0
2735,96,0
2736,96,0
2737,96,0
2738,96,0
2739,96,0
2740,96,0
2741,96,0
2742,96,0
2743,96,0
2744,96,0
2745,96,0
2746,96,0
2747,96,0
2748,97,0
2749,97,0
2750,97,0
2751,97,0
2752,97,0
2753,97,0
2754,97,0
2755,97,0
2756,97,0
2757,97,0
2758,97,0
2759,97,0
2760,97,0
2761,97,0
2762,97,0
2763,97,0
2764,97,0
2765,97,0
2766,97,0
2767,97,0
2768,97,0
2769,97,0
2770,97,0
2771,97,0
2772,97,0
2773,97,0
2774,97,0
2775,97,0
2776,97,0
2777,98,0
2778,98,0
2779,98,0
2780,98,0
2781,98,0
2782,98,0
2783,99,0
2784,99,0
2785,99,0
2786,99,0
2787,99,0
2788,99,0
2789,99,0
2790,99,0
2791,99,0
2792,99,0
2793,99,0
2794,99,0
2795,99,0
2796,99,0
2797,99,0
2798,99,0
2799,99,0
2800,99,0
2801,99,0
2802,99,0
2803,99,0
2804,99,0
2805,99,0
2806,99,0
2807,99,0
2808,99,0
2809,99,0
2810,99,0
2811,99,0
2812,99,0
2813,99,0
2814,99,0
2815,99,0
2816,99,0
2817,99,0
2818,99,0
2819,99,0
2820,99,0
2821,99,0
2822,99,0
2823,99,0
2824,99,0
2825,99,0
2826,99,0
2827,99,0
2828,99,0
2829,99,0
2830,99,0
2831,99,0
2832,99,0
2833,99,0
2834,99,0
2835,99,0
2836,99,0
2837,99,0
2838,99,0
2839,99,0
2840,99,0
2841,99,0
2842,99,0
2843,99,0
2844,99,0
2845,99,0
2846,99,0
2847,99,0
2848,99,0
2849,99,0
2850,99,0
2851,99,0
2852,99,0
2853,99,0
2854,99,0
2855,99,0
2856,99,0
2857,99,0
2858,99,0
2859,99,0
2860,99,0
2861,99,0
2862,99,0
2863,99,0
2864,99,0
2865,99,0
2866,99,0
2867,99,0
2868,99,0
2869,99,0
2870,99,0
2871,99,0
2872,99,0
2873,99,0
2874,99,0
2875,99,0
2876,99,0
2877,99,0
2878,99,0
2879,99,0
2880,99,0
2881,99,0
2882,99,0
2883,99,0
2884,99,0
2885,99,0
2886,99,0
2887,99,0
2888,99,0
2889,99,0
2890,99,0
2891,99,0
2892,99,0
2893,99,0
2894,99,0
2895,99,0
2896,99,0
2897,99,0
2898,99,0
2899,99,0
2900,99,0
2901,99,0
2902,99,0
2903,99,0
2904,99,0
2905,99,0
2906,99,0
2907,99,0
2908,99,0
2909,99,0
2910,99,0
2911,99,0
2912,99,0
2913,99,0
2914,99,0
2915,99,0
2916,99,0
2917,99,0
2918,99,0
2919,99,0
2920,99,0
2921,99,0
2922,99,0
2923,99,0
2924,99,0
2925,99,0
2926,99,0
2927,99,0
2928,99,0
2929,99,0
2930,99,0
2931,100,0
2932,100,0
2933,100,0
2934,100,0
2935,100,0
2936,100,0
2937,100,0
2938,100,0
2939,100,0
2940,100,0
2941,100,0
2942,100,0
2943,100,0
2944,100,0
2945,100,0
2946,100,0
2947,100,0
2948,100,0
2949,100,0
2950,100,0
2951,100,0
2952,100,0
2953,100,0
2954,100,0
2955,100,0
2956,100,0
2957,100,0
2958,100,0
2959,100,0
2960,100,0
2961,100,0
2962,100,0
2963,100,0
2964,100,0
2965,100,0
2966,100,0
2967,100,0
2968,100,0
2969,100,0
2970,100,0
2971,100,0
2972,100,0
2973,101,0
2974,101,0
2975,101,0
2976,101,0
2977,102,0
2978,102,0
2979,102,0
2980,102,0
2981,102,0
2982,102,0
2983,102,0
2984,102,0
2985,102,0
2986,102,0
2987,102,0
2988,102,0
2989,102,0
2990,102,0
2991,102,0
2992,102,0
2993,102,0
2994,102,0
2995,102,0
2996,102,0
2997,102,0
2998,102,0
2999,102,0
3000,102,0
3001,102,0
3002,102,0
3003,102,0
3004,102,0
3005,102,0
3006,102,0
3007,102,0
3008,102,0
3009,102,0
3010,102,0
3011,102,0
3012,102,0
3013,102,0
3014,102,0
3015,102,0
3016,102,0
3017,102,0
3018,102,0
3019,102,0
3020,102,0
3021,102,0
3022,102,0
3023,102,0
3024,102,0
3025,102,0
3026,102,0
3027,102,0
3028,102,0
3029,102,0
3030,102,0
3031,102,0
3032,102,0
3033,102,0
3034,102,0
3035,102,0
3036,102,0
3037,102,0
3038,102,0
3039,102,0
3040,102,0
3041,102,0
3042,102,0
3043,102,0
3044,102,0
3045,102,0
3046,102,0
3047,102,0
3048,102,0
3049,102,0
3050,102,0
3051,102,0
3052,102,0
3053,102,0
3054,102,0
3055,102,0
3056,102,0
3057,102,0
3058,102,0
3059,102,0
3060,102,0
3061,102,0
3062,102,0
3063,102,0
3064,102,0
3065,102,0
3066,102,0
3067,102,0
3068,102,0
3069,102,0
3070,102,0
3071,102,0
3072,102,0
3073,102,0
3074,102,0
3075,102,0
3076,102,0
3077,102,0
3078,102,0
3079,102,0
3080,102,0
3081,102,0
3082,102,0
3083,102,0
3084,102,0
3085,102,0
3086,102,0
3087,102,0
3088,102,0
3089,102,0
3090,102,0
3091,102,0
3092,102,0
3093,102,0
3094,102,0
3095,102,0
3096,102,0
3097,102,0
3098,102,0
3099,102,0
3100,102,0
3101,102,0
3102,102,0
3103,102,0
3104,102,0
3105,102,0
3106,102,0
3107,102,0
3108,102,0
3109,102,0
3110,102,0
3111,102,0
3112,102,0
3113,102,0
3114,102,0
3115,102,0
3116,102,0
3117,102,0
3118,102,0
3119,102,0
3120,102,0
3121,102,0
3122,102,0
3123,102,0
3124,102,0
3125,102,0
3126,102,0
3127,102,0
3128,102,0
3129,102,0
3130,102,0
3131,102,0
3132,102,0
3133,102,0
3134,102,0
3135,102,0
3136,102,0
3137,102,0
3138,102,0
3139,102,0
3140,102,0
3141,102,0
3142,102,0
3143,102,0
3144,103,0
3145,103,0
3146,103,0
3147,103,0
3148,103,0
3149,103,0
3150,103,0
3151,103,0
3152,103,0
3153,103,0
3154,103,0
3155,103,0
3156,103,0
3157,103,0
3158,103,0
3159,103,0
3160,103,0
3161,103,0
3162,103,0
3163,103,0
3164,103,0
3165,103,0
3166,103,0
3167,103,0
3168,103,0
3169,103,0
3170,103,0
3171,103,0
3172,103,0
3173,103,0
3174,103,0
3175,103,0
3176,103,0
3177,103,0
3178,103,0
3179,103,0
3180,103,0
3181,103,0
3182,103,0
3183,103,0
3184,103,0
3185,103,0
3186,103,0
3187,104,0
3188,104,0
3189,104,0
3190,104,0
3191,104,0
3192,104,0
3193,104,0
3194,104,0
3195,104,0
3196,104,0
3197,104,0
3198,104,0
3199,104,0
3200,104,0
3201,104,0
3202,104,0
3203,104,0
3204,104,0
3205,104,0
3206,104,0
3207,104,0
3208,104,0
3209,104,0
3210,104,0
3211,105,0
3212,105,0
3213,105,0
3214,105,0
3215,105,0
3216,105,0
3217,105,0
3218,105,0
3219,105,0
3220,105,0
3221,105,0
3222,105,0
3223,105,0
3224,105,0
3225,105,0
3226,105,0
3227,105,0
3228,105,0
3229,105,0
3230,105,0
3231,105,0
3232,105,0
3233,105,0
3234,105,0
3235,105,0
3236,105,0
3237,105,0
3238,105,0
3239,105,0
3240,105,0
3241,105,0
3242,105,0
3243,105,0
3244,105,0
3245,105,0
3246,105,0
3247,105,0
3248,105,0
3249,105,0
3250,105,0
3251,105,0
3252,105,0
3253,105,0
3254,105,0
3255,105,0
3256,105,0
3257,105,0
3258,105,0
3259,105,0
3260,105,0
3261,105,0
3262,105,0
3263,105,0
3264,105,0
3265,105,0
3266,105,0
3267,105,0
3268,105,0
3269,105,0
3270,105,0
3271,105,0
3272,105,0
3273,105,0
3274,105,0
3275,105,0
3276,105,0
3277,105,0
3278,105,0
3279,105,0
3280,105,0
3281,105,0
3282,105,0
3283,105,0
3284,105,0
3285,105,0
3286,105,0
3287,105,0
3288,105,0
3289,105,0
3290,105,0
3291,105,0
3292,105,0
3293,105,0
3294,105,0
3295,105,0
3296,105,0
3297,105,0
3298,105,0
3299,105,0
3300,105,0
3301,105,0
3302,105,0
3303,105,0
3304,105,0
3305,105,0
3306,105,0
3307,105,0
3308,105,0
3309,105,0
3310,105,0
3311,105,0
3312,105,0
3313,105,0
3314,105,0
3315,105,0
3316,105,0
3317,105,0
3318,105,0
3319,105,0
3320,105,0
3321,105,0
3322,105,0
3323,105,0
3324,105,0
3325,105,0
3326,105,0
3327,105,0
3328,105,0
3329,105,0
3330,105,0
3331,105,0
3332,105,0
3333,105,0
3334,105,0
3335,105,0
3336,105,0
3337,105,0
3338,105,0
3339,105,0
3340,105,0
3341,105,0
3342,105,0
3343,105,0
3344,105,0
3345,105,0
3346,105,0
3347,105,0
3348,105,0
3349,105,0
3350,105,0
3351,105,0
3352,105,0
3353,105,0
3354,105,0
3355,105,0
3356,105,0
3357,105,0
3358,105,0
3359,105,0
3360,105,0
3361,105,0
3362,105,0
3363,105,0
3364,105,0
3365,105,0
3366,105,0
3367,105,0
3368,105,0
3369,105,0
3370,105,0
3371,105,0
3372,105,0
3373,105,0
3374,105,0
3375,105,0
3376,105,0
3377,105,0
3378,105,0
3379,105,0
3380,105,0
3381,105,0
3382,105,0
3383,105,0
3384,105,0
3385,105,0
3386,105,0
3387,105,0
3388,105,0
3389,105,0
3390,105,0
3391,105,0
3392,105,0
3393,105,0
3394,105,0
3395,105,0
3396,105,0
3397,105,0
3398,105,0
3399,105,0
3400,105,0
3401,105,0
3402,105,0
3403,105,0
3404,105,0
3405,105,0
3406,105,0
3407,106,0
3408,106,0
3409,106,0
3410,106,0
3411,106,0
3412,106,0
3413,106,0
3414,106,0
3415,106,0
3416,106,0
3417,106,0
3418,106,0
3419,106,0
3420,106,0
3421,106,0
3422,106,0
3423,106,0
3424,106,0
3425,106,0
3426,106,0
3427,106,0
3428,106,0
3429,106,0
3430,106,0
3431,106,0
3432,106,0
3433,106,0
3434,106,0
3435,106,0
3436,106,0
3437,106,0
3438,106,0
3439,106,0
3440,106,0
3441,106,0
3442,106,0
3443,106,0
3444,106,0
3445,106,0
3446,106,0
3447,106,0
3448,106,0
3449,106,0
3450,106,0
3451,106,0
3452,107,0
3453,107,0
3454,107,0
3455,107,0
3456,107,0
3457,107,0
3458,107,0
3459,107,0
3460,107,0
3461,107,0
3462,107,0
3463,107,0
3464,107,0
3465,107,0
3466,107,0
3467,107,0
3468,107,0
3469,107,0
3470,107,0
3471,107,0
3472,107,0
3473,107,0
3474,107,0
3475,107,0
3476,107,0
3477,107,0
3478,107,0
3479,107,0
3480,107,0
3481,107,0
3482,107,0
3483,107,0
3484,107,0
3485,107,0
3486,107,0
3487,107,0
3488,107,0
3489,107,0
3490,107,0
3491,107,0
3492,107,0
3493,107,0
3494,107,0
3495,107,0
3496,107,0
3497,107,0
3498,107,0
3499,107,0
3500,107,0
3501,107,0
3502,107,0
3503,107,0
3504,107,0
3505,107,0
3506,107,0
3507,107,0
3508,107,0
3509,107,0
3510,107,0
3511,107,0
3512,107,0
3513,107,0
3514,107,0
3515,107,0
3516,107,0
3517,107,0
3518,107,0
3519,107,0
3520,107,0
3521,107,0
3522,107,0
3523,107,0
3524,107,0
3525,107,0
3526,107,0
3527,107,0
3528,107,0
3529,107,0
3530,107,0
3531,107,0
3532,107,0
3533,107,0
3534,107,0
3535,107,0
3536,107,0
3537,107,0
3538,107,0
3539,107,0
3540,107,0
3541,107,0
3542,107,0
3543,107,0
3544,107,0
3545,107,0
3546,107,0
3547,107,0
3548,107,0
3549,107,0
3550,107,0
3551,107,0
3552,107,0
3553,107,0
3554,107,0
3555,107,0
3556,107,0
3557,107,0
3558,107,0
3559,107,0
3560,107,0
3561,107,0
3562,107,0
3563,107,0
3564,107,0
3565,107,0
3566,107,0
3567,107,0
3568,107,0
3569,107,0
3570,107,0
3571,107,0
3572,107,0
3573,107,0
3574,107,0
3575,107,0
3576,107,0
3577,107,0
3578,107,0
3579,107,0
3580,107,0
3581,107,0
3582,107,0
3583,107,0
3584,107,0
3585,107,0
3586,107,0
3587,107,0
3588,107,0
3589,107,0
3590,107,0
3591,107,0
3592,107,0
3593,107,0
3594,107,0
3595,107,0
3596,107,0
3597,107,0
3598,107,0
3599,107,0
3600,107,0
3601,107,0
3602,107,0
3603,107,0
3604,107,0
3605,107,0
3606,107,0
3607,107,0
3608,107,0
3609,107,0
3610,107,0
3611,107,0
3612,107,0
3613,107,0
3614,107,0
3615,107,0
3616,107,0
3617,107,0
3618,107,0
3619,107,0
3620,107,0
3621,107,0
3622,107,0
3623,107,0
3624,107,0
3625,107,0
3626,107,0
3627,107,0
3628,107,0
3629,107,0
3630,107,0
3631,107,0
3632,107,0
3633,107,0
3634,107,0
3635,107,0
3636,107,0
3637,107,0
3638,107,0
3639,107,0
3640,107,0
3641,107,0
3642,107,0
3643,107,0
3644,107,0
3645,107,0
3646,107,0
3647,107,0
3648,107,0
3649,107,0
3650,107,0
3651,107,0
3652,107,0
3653,107,0
3654,107,0
3655,107,0
3656,107,0
3657,107,0
3658,107,0
3659,107,0
3660,107,0
3661,107,0
3662,107,0
3663,107,0
3664,107,0
3665,107,0
3666,107,0
3667,107,0
3668,107,0
3669,107,0
3670,107,0
3671,107,0
3672,107,0
3673,107,0
3674,107,0
3675,107,0
3676,107,0
3677,107,0
3678,107,0
3679,107,0
3680,107,0
3681,107,0
3682,107,0
3683,107,0
3684,107,0
3685,107,0
3686,107,0
3687,107,0
3688,107,0
3689,107,0
3690,107,0
3691,107,0
3692,107,0
3693,107,0
3694,107,0
3695,107,0
3696,107,0
3697,107,0
3698,107,0
3699,107,0
3700,107,0
3701,107,0
3702,107,0
3703,107,0
3704,107,0
3705,107,0
3706,107,0
3707,107,0
3708,107,0
3709,107,0
3710,107,0
3711,107,0
3712,107,0
3713,107,0
3714,107,0
3715,107,0
3716,107,0
3717,107,0
3718,107,0
3719,107,0
3720,107,0
3721,107,0
3722,107,0
3723,107,0
3724,107,0
3725,107,0
3726,107,0
3727,107,0
3728,107,0
3729,107,0
3730,107,0
3731,107,0
3732,107,0
3733,107,0
3734,107,0
3735,107,0
3736,107,0
3737,107,0
3738,107,0
3739,107,0
3740,107,0
3741,107,0
3742,107,0
3743,107,0
3744,107,0
3745,107,0
3746,107,0
3747,107,0
3748,107,0
3749,107,0
3750,107,0
3751,107,0
3752,107,0
3753,107,0
3754,107,0
3755,107,0
3756,107,0
3757,107,0
3758,107,0
3759,107,0
3760,107,0
3761,107,0
3762,108,0
3763,108,0
3764,108,0
3765,108,0
3766,108,0
3767,108,0
3768,108,0
3769,108,0
3770,108,0
3771,108,0
3772,108,0
3773,108,0
3774,108,0
3775,108,0
3776,108,0
3777,108,0
3778,108,0
3779,108,0
3780,108,0
3781,108,0
3782,108,0
3783,108,0
3784,108,0
3785,108,0
3786,108,0
3787,108,0
3788,108,0
3789,108,0
3790,108,0
3791,108,0
3792,108,0
3793,108,0
3794,108,0
3795,108,0
3796,108,0
3797,108,0
3798,108,0
3799,108,0
3800,108,0
3801,108,0
3802,108,0
3803,108,0
3804,108,0
3805,108,0
3806,108,0
3807,108,0
3808,108,0
3809,108,0
3810,108,0
3811,108,0
3812,108,0
3813,108,0
3814,108,0
3815,108,0
3816,108,0
3817,108,0
3818,108,0
3819,108,0
3820,108,0
3821,108,0
3822,108,0
3823,108,0
3824,108,0
3825,108,0
3826,108,0
3827,108,0
3828,108,0
3829,108,0
3830,108,0
3831,108,0
3832,108,0
3833,108,0
3834,108,0
3835,108,0
3836,108,0
3837,109,0
3838,109,0
3839,109,0
3840,109,0
3841,109,0
3842,109,0
3843,109,0
3844,109,0
3845,109,0
3846,109,0
3847,109,0
3848,109,0
3849,109,0
3850,109,0
3851,109,0
3852,109,0
3853,109,0
3854,109,0
3855,109,0
3856,109,0
3857,109,0
3858,109,0
3859,109,0
3860,109,0
3861,109,0
3862,109,0
3863,109,0
3864,109,0
3865,109,0
3866,109,0
3867,109,0
3868,109,0
3869,109,0
3870,109,0
3871,109,0
3872,109,0
3873,109,0
3874,109,0
3875,109,0
3876,109,0
3877,109,0
3878,109,0
3879,109,0
3880,109,0
3881,109,0
3882,109,0
3883,109,0
3884,109,0
3885,109,0
3886,109,0
3887,109,0
3888,109,0
3889,109,0
3890,109,0
3891,109,0
3892,109,0
3893,109,0
3894,109,0
3895,109,0
3896,109,0
3897,109,0
3898,109,0
3899,109,0
3900,109,0
3901,109,0
3902,109,0
3903,109,0
3904,109,0
3905,109,0
3906,109,0
3907,109,0
3908,109,0
3909,109,0
3910,109,0
3911,109,0
3912,109,0
3913,109,0
3914,109,0
3915,109,0
3916,109,0
3917,109,0
3918,109,0
3919,109,0
3920,109,0
3921,109,0
3922,109,0
3923,109,0
3924,109,0
3925,109,0
3926,109,0
3927,109,0
3928,109,0
3929,109,0
3930,109,0
3931,109,0
3932,109,0
3933,109,0
3934,109,0
3935,109,0
3936,109,0
3937,109,0
3938,109,0
3939,109,0
3940,109,0
3941,109,0
3942,109,0
3943,109,0
3944,109,0
3945,109,0
3946,109,0
3947,109,0
3948,109,0
3949,109,0
3950,109,0
3951,109,0
3952,109,0
3953,109,0
3954,109,0
3955,109,0
3956,109,0
3957,109,0
3958,109,0
3959,109,0
3960,109,0
3961,109,0
3962,109,0
3963,109,0
3964,109,0
3965,109,0
3966,109,0
3967,109,0
3968,109,0
3969,109,0
3970,109,0
3971,109,0
3972,109,0
3973,109,0
3974,109,0
3975,109,0
3976,109,0
3977,109,0
3978,109,0
3979,109,0
3980,109,0
3981,109,0
3982,109,0
3983,109,0
3984,109,0
3985,109,0
3986,109,0
3987,109,0
3988,109,0
3989,109,0
3990,109,0
3991,109,0
3992,109,0
3993,109,0
3994,109,0
3995,109,0
3996,109,0
3997,109,0
3998,109,0
3999,109,0
4000,109,0
4001,109,0
4002,109,0
4003,109,0
4004,109,0
4005,109,0
4006,109,0
4007,109,0
4008,109,0
4009,109,0
4010,109,0
4011,109,0
4012,109,0
4013,109,0
4014,109,0
4015,109,0
4016,109,0
4017,109,0
4018,109,0
4019,109,0
4020,109,0
4021,109,0
4022,109,0
4023,109,0
4024,109,0
4025,109,0
4026,109,0
4027,109,0
4028,109,0
4029,109,0
4030,109,0
4031,109,0
4032,109,0
4033,109,0
4034,109,0
4035,109,0
4036,109,0
4037,109,0
4038,109,0
4039,109,0
4040,109,0
4041,109,0
4042,109,0
4043,109,0
4044,109,0
4045,109,0
4046,109,0
4047,109,0
4048,109,0
4049,109,0
4050,109,0
4051,109,0
4052,109,0
4053,109,0
4054,109,0
4055,109,0
4056,109,0
4057,109,0
4058,109,0
4059,109,0
4060,109,0
4061,109,0
4062,109,0
4063,109,0
4064,109,0
4065,109,0
4066,109,0
4067,109,0
4068,109,0
4069,109,0
4070,109,0
4071,109,0
4072,109,0
4073,109,0
4074,109,0
4075,109,0
4076,109,0
4077,109,0
4078,109,0
4079,109,0
4080,109,0
4081,109,0
4082,109,0
4083,109,0
4084,109,0
4085,109,0
4086,109,0
4087,109,0
4088,109,0
4089,109,0
4090,109,0
4091,109,0
4092,109,0
4093,109,0
4094,109,0
4095,109,0
4096,109,0
4097,109,0
4098,109,0
4099,109,0
4100,109,0
4101,109,0
4102,109,0
4103,109,0
4104,109,0
4105,109,0
4106,109,0
4107,109,0
4108,109,0
4109,109,0
4110,109,0
4111,109,0
4112,109,0
4113,109,0
4114,109,0
4115,109,0
4116,109,0
4117,109,0
4118,109,0
4119,109,0
4120,109,0
4121,109,0
4122,109,0
4123,109,0
4124,109,0
4125,109,0
4126,109,0
4127,109,0
4128,109,0
4129,109,0
4130,109,0
4131,109,0
4132,109,0
4133,109,0
4134,109,0
4135,109,0
4136,109,0
4137,109,0
4138,109,0
4139,109,0
4140,109,0
4141,109,0
4142,109,0
4143,109,0
4144,109,0
4145,109,0
4146,109,0
4147,109,0
4148,109,0
4149,109,0
4150,109,0
4151,109,0
4152,109,0
4153,109,0
4154,109,0
4155,109,0
4156,109,0
4157,109,0
4158,109,0
4159,109,0
4160,109,0
4161,109,0
4162,109,0
4163,109,0
4164,109,0
4165,109,0
4166,109,0
4167,109,0
4168,109,0
4169,109,0
4170,109,0
4171,109,0
4172,109,0
4173,109,0
4174,109,0
4175,109,0
4176,109,0
4177,109,0
4178,109,0
4179,109,0
4180,109,0
4181,109,0
4182,109,0
4183,109,0
4184,109,0
4185,109,0
4186,109,0
4187,109,0
4188,109,0
4189,109,0
4190,109,0
4191,109,0
4192,109,0
4193,109,0
4194,109,0
4195,109,0
4196,109,0
4197,109,0
4198,109,0
4199,109,0
4200,109,0
4201,109,0
4202,109,0
4203,109,0
4204,109,0
4205,109,0
4206,109,0
4207,109,0
4208,109,0
4209,109,0
4210,109,0
4211,109,0
4212,109,0
4213,109,0
4214,109,0
4215,109,0
4216,109,0
4217,109,0
4218,109,0
4219,109,0
4220,109,0
4221,109,0
4222,109,0
4223,109,0
4224,109,0
4225,109,0
4226,109,0
4227,109,0
4228,109,0
4229,109,0
4230,109,0
4231,109,0
4232,109,0
4233,109,0
4234,109,0
4235,109,0
4236,109,0
4237,109,0
4238,109,0
4239,109,0
4240,109,0
4241,109,0
4242,109,0
4243,109,0
4244,109,0
4245,109,0
4246,109,0
4247,109,0
4248,109,0
4249,109,0
4250,109,0
4251,109,0
4252,109,0
4253,109,0
4254,109,0
4255,109,0
4256,109,0
4257,109,0
4258,109,0
4259,109,0
4260,109,0
4261,109,0
4262,109,0
4263,109,0
4264,109,0
4265,109,0
4266,109,0
4267,109,0
4268,109,0
4269,109,0
4270,109,0
4271,109,0
4272,109,0
4273,109,0
4274,109,0
4275,109,0
4276,109,0
4277,109,0
4278,109,0
4279,109,0
4280,109,0
4281,109,0
4282,109,0
4283,109,0
4284,109,0
4285,109,0
4286,109,0
4287,109,0
4288,109,0
4289,109,0
4290,109,0
4291,109,0
4292,109,0
4293,109,0
4294,109,0
4295,109,0
4296,109,0
4297,109,0
4298,109,0
4299,109,0
4300,109,0
4301,109,0
4302,109,0
4303,109,0
4304,109,0
4305,109,0
4306,109,0
4307,109,0
4308,109,0
4309,109,0
4310,109,0
4311,109,0
4312,109,0
4313,109,0
4314,109,0
4315,109,0
4316,109,0
4317,109,0
4318,109,0
4319,109,0
4320,109,0
4321,109,0
4322,109,0
4323,109,0
4324,109,0
4325,109,0
4326,109,0
4327,109,0
4328,109,0
4329,109,0
4330,109,0
4331,109,0
4332,109,0
4333,109,0
4334,109,0
4335,109,0
4336,109,0
4337,109,0
4338,109,0
4339,109,0
4340,109,0
4341,109,0
4342,109,0
4343,109,0
4344,110,0
4345,110,0
4346,110,0
4347,110,0
4348,110,0
4349,110,0
4350,110,0
4351,110,0
4352,110,0
4353,110,0
4354,110,0
4355,110,0
4356,110,0
4357,110,0
4358,110,0
4359,110,0
4360,110,0
4361,110,0
4362,110,0
4363,110,0
4364,110,0
4365,110,0
4366,110,0
4367,110,0
4368,110,0
4369,110,0
4370,110,0
4371,110,0
4372,110,0
4373,110,0
4374,110,0
4375,110,0
4376,110,0
4377,110,0
4378,110,0
4379,110,0
4380,110,0
4381,110,0
4382,110,0
4383,110,0
4384,110,0
4385,110,0
4386,110,0
4387,110,0
4388,110,0
4389,110,0
4390,110,0
4391,110,0
4392,110,0
4393,110,0
4394,110,0
4395,110,0
4396,110,0
4397,110,0
4398,110,0
4399,110,0
4400,110,0
4401,110,0
4402,110,0
4403,110,0
4404,110,0
4405,110,0
4406,110,0
4407,110,0
4408,110,0
4409,110,0
4410,110,0
4411,110,0
4412,110,0
4413,110,0
4414,110,0
4415,110,0
4416,110,0
4417,110,0
4418,110,0
4419,110,0
4420,110,0
4421,110,0
4422,110,0
4423,110,0
4424,110,0
4425,110,0
4426,110,0
4427,110,0
4428,110,0
4429,110,0
4430,110,0
4431,110,0
4432,110,0
4433,110,0
4434,110,0
4435,110,0
4436,110,0
4437,110,0
4438,110,0
4439,110,0
4440,110,0
4441,110,0
4442,110,0
4443,110,0
4444,110,0
4445,110,0
4446,110,0
4447,110,0
4448,110,0
4449,111,0
4450,111,0
4451,111,0
4452,111,0
4453,111,0
4454,111,0
4455,111,0
4456,111,0
4457,111,0
4458,111,0
4459,111,0
4460,111,0
4461,111,0
4462,111,0
4463,111,0
4464,111,0
4465,111,0
4466,111,0
4467,111,0
4468,111,0
4469,111,0
4470,111,0
4471,111,0
4472,111,0
4473,111,0
4474,111,0
4475,111,0
4476,111,0
4477,111,0
4478,111,0
4479,111,0
4480,111,0
4481,111,0
4482,111,0
4483,111,0
4484,111,0
4485,111,0
4486,111,0
4487,111,0
4488,111,0
4489,111,0
4490,111,0
4491,111,0
4492,111,0
4493,111,0
4494,111,0
4495,111,0
4496,111,0
4497,111,0
4498,111,0
4499,111,0
4500,111,0
4501,111,0
4502,111,0
4503,111,0
4504,111,0
4505,111,0
4506,111,0
4507,111,0
4508,111,0
4509,111,0
4510,111,0
4511,111,0
4512,111,0
4513,111,0
4514,111,0
4515,111,0
4516,111,0
4517,111,0
4518,111,0
4519,111,0
4520,111,0
4521,111,0
4522,111,0
4523,111,0
4524,111,0
4525,111,0
4526,111,0
4527,111,0
4528,111,0
4529,111,0
4530,111,0
4531,111,0
4532,111,0
4533,111,0
4534,111,0
4535,111,0
4536,111,0
4537,111,0
4538,111,0
4539,111,0
4540,111,0
4541,111,0
4542,111,0
4543,111,0
4544,111,0
4545,111,0
4546,111,0
4547,111,0
4548,111,0
4549,111,0
4550,111,0
4551,111,0
4552,111,0
4553,111,0
4554,111,0
4555,111,0
4556,111,0
4557,111,0
4558,111,0
4559,111,0
4560,111,0
4561,111,0
4562,111,0
4563,111,0
4564,111,0
4565,111,0
4566,111,0
4567,111,0
4568,111,0
4569,111,0
4570,111,0
4571,111,0
4572,111,0
4573,111,0
4574,111,0
4575,111,0
4576,111,0
4577,111,0
4578,111,0
4579,111,0
4580,111,0
4581,111,0
4582,111,0
4583,111,0
4584,111,0
4585,111,0
4586,111,0
4587,111,0
4588,111,0
4589,111,0
4590,111,0
4591,111,0
4592,111,0
4593,111,0
4594,111,0
4595,111,0
4596,111,0
4597,111,0
4598,111,0
4599,111,0
4600,111,0
4601,111,0
4602,111,0
4603,111,0
4604,111,0
4605,111,0
4606,111,0
4607,111,0
4608,111,0
4609,111,0
4610,111,0
4611,111,0
4612,111,0
4613,111,0
4614,111,0
4615,111,0
4616,111,0
4617,111,0
4618,111,0
4619,111,0
4620,111,0
4621,111,0
4622,111,0
4623,111,0
4624,111,0
4625,111,0
4626,111,0
4627,111,0
4628,111,0
4629,111,0
4630,111,0
4631,111,0
4632,111,0
4633,111,0
4634,111,0
4635,111,0
4636,111,0
4637,111,0
4638,111,0
4639,111,0
4640,111,0
4641,111,0
4642,111,0
4643,111,0
4644,111,0
4645,111,0
4646,111,0
4647,111,0
4648,111,0
4649,111,0
4650,111,0
4651,111,0
4652,111,0
4653,111,0
4654,111,0
4655,111,0
4656,111,0
4657,111,0
4658,111,0
4659,111,0
4660,111,0
4661,111,0
4662,111,0
4663,111,0
4664,111,0
4665,111,0
4666,111,0
4667,111,0
4668,111,0
4669,111,0
4670,111,0
4671,111,0
4672,111,0
4673,111,0
4674,111,0
4675,111,0
4676,111,0
4677,111,0
4678,111,0
4679,111,0
4680,111,0
4681,111,0
4682,111,0
4683,111,0
4684,111,0
4685,111,0
4686,111,0
4687,111,0
4688,111,0
4689,111,0
4690,111,0
4691,111,0
4692,111,0
4693,111,0
4694,111,0
4695,111,0
4696,111,0
4697,111,0
4698,111,0
4699,111,0
4700,111,0
4701,111,0
4702,111,0
4703,111,0
4704,111,0
4705,111,0
4706,111,0
4707,111,0
4708,111,0
4709,111,0
4710,111,0
4711,111,0
4712,111,0
4713,111,0
4714,111,0
4715,111,0
4716,111,0
4717,111,0
4718,111,0
4719,111,0
4720,111,0
4721,111,0
4722,111,0
4723,111,0
4724,111,0
4725,111,0
4726,111,0
4727,111,0
4728,111,0
4729,111,0
4730,111,0
4731,111,0
4732,111,0
4733,111,0
4734,111,0
4735,111,0
4736,111,0
4737,111,0
4738,111,0
4739,111,0
4740,111,0
4741,111,0
4742,111,0
4743,111,0
4744,111,0
4745,111,0
4746,111,0
4747,111,0
4748,111,0
4749,111,0
4750,111,0
4751,111,0
4752,111,0
4753,111,0
4754,111,0
4755,111,0
4756,111,0
4757,111,0
4758,111,0
4759,111,0
4760,111,0
4761,111,0
4762,111,0
4763,111,0
4764,111,0
4765,111,0
4766,111,0
4767,111,0
4768,111,0
4769,111,0
4770,111,0
4771,111,0
4772,111,0
4773,111,0
4774,111,0
4775,111,0
4776,111,0
4777,111,0
4778,111,0
4779,111,0
4780,111,0
4781,111,0
4782,111,0
4783,111,0
4784,111,0
4785,111,0
4786,111,0
4787,111,0
4788,111,0
4789,111,0
4790,111,0
4791,111,0
4792,111,0
4793,111,0
4794,111,0
4795,111,0
4796,111,0
4797,111,0
4798,111,0
4799,111,0
4800,111,0
4801,111,0
4802,111,0
4803,111,0
4804,111,0
4805,111,0
4806,111,0
4807,111,0
4808,111,0
4809,111,0
4810,111,0
4811,111,0
4812,111,0
4813,111,0
4814,111,0
4815,111,0
4816,111,0
4817,111,0
4818,111,0
4819,111,0
4820,111,0
4821,111,0
4822,111,0
4823,111,0
4824,111,0
4825,111,0
4826,111,0
4827,111,0
4828,111,0
4829,111,0
4830,111,0
4831,111,0
4832,111,0
4833,111,0
4834,111,0
4835,111,0
4836,111,0
4837,111,0
4838,111,0
4839,111,0
4840,111,0
4841,111,0
4842,111,0
4843,111,0
4844,111,0
4845,111,0
4846,111,0
4847,111,0
4848,111,0
4849,111,0
4850,111,0
4851,111,0
4852,111,0
4853,111,0
4854,111,0
4855,111,0
4856,111,0
4857,111,0
4858,111,0
4859,111,0
4860,111,0
4861,111,0
4862,111,0
4863,111,0
4864,111,0
4865,111,0
4866,111,0
4867,111,0
4868,111,0
4869,111,0
4870,111,0
4871,111,0
4872,111,0
4873,111,0
4874,111,0
4875,111,0
4876,111,0
4877,111,0
4878,111,0
4879,111,0
4880,111,0
4881,111,0
4882,111,0
4883,111,0
4884,111,0
4885,111,0
4886,111,0
4887,111,0
4888,111,0
4889,111,0
4890,111,0
4891,111,0
4892,111,0
4893,111,0
4894,111,0
4895,111,0
4896,111,0
4897,111,0
4898,111,0
4899,111,0
4900,111,0
4901,111,0
4902,111,0
4903,111,0
4904,111,0
4905,111,0
4906,111,0
4907,111,0
4908,111,0
4909,111,0
4910,111,0
4911,111,0
4912,111,0
4913,111,0
4914,111,0
4915,111,0
4916,111,0
4917,111,0
4918,111,0
4919,111,0
4920,111,0
4921,111,0
4922,111,0
4923,111,0
4924,111,0
4925,111,0
4926,111,0
4927,111,0
4928,111,0
4929,111,0
4930,111,0
4931,111,0
4932,111,0
4933,111,0
4934,111,0
4935,111,0
4936,111,0
4937,111,0
4938,111,0
4939,111,0
4940,111,0
4941,111,0
4942,111,0
4943,111,0
4944,111,0
4945,111,0
4946,111,0
4947,111,0
4948,111,0
4949,111,0
4950,111,0
4951,111,0
4952,111,0
4953,111,0
4954,111,0
4955,111,0
4956,111,0
4957,111,0
4958,111,0
4959,111,0
4960,111,0
4961,111,0
4962,111,0
4963,111,0
4964,111,0
4965,111,0
4966,111,0
4967,111,0
4968,111,0
4969,111,0
4970,111,0
4971,111,0
4972,111,0
4973,111,0
4974,111,0
4975,111,0
4976,111,0
4977,111,0
4978,111,0
4979,111,0
4980,111,0
4981,111,0
4982,111,0
4983,111,0
4984,111,0
4985,111,0
4986,111,0
4987,111,0
4988,111,0
4989,111,0
4990,111,0
4991,111,0
4992,111,0
4993,111,0
4994,111,0
4995,111,0
4996,111,0
4997,111,0
4998,111,0
4999,111,0
